mfcc	contrast	centriod	emotion
"[[-7.2749493e+02 -7.2749493e+02 -7.2749493e+02 ... -7.2624518e+02
  -7.2674225e+02 -7.2749493e+02]
 [ 0.0000000e+00  0.0000000e+00  0.0000000e+00 ...  1.7632227e+00
   1.0592451e+00  0.0000000e+00]
 [ 0.0000000e+00  0.0000000e+00  0.0000000e+00 ...  1.7506671e+00
   1.0436175e+00  0.0000000e+00]
 ...
 [ 0.0000000e+00  0.0000000e+00  0.0000000e+00 ...  1.3720429e+00
   6.2331516e-01  0.0000000e+00]
 [ 0.0000000e+00  0.0000000e+00  0.0000000e+00 ...  1.2949977e+00
   5.4936361e-01  0.0000000e+00]
 [ 0.0000000e+00  0.0000000e+00  0.0000000e+00 ...  1.2128980e+00
   4.7463888e-01  0.0000000e+00]]"	"[[1.31812099e+01 1.31812099e+01 9.85646858e-03 ... 1.37248897e+01
  6.89715557e+00 5.12367076e+00]
 [1.31812099e+01 1.31812099e+01 1.01359476e-02 ... 5.29931228e+00
  2.81920128e+00 7.73552658e+00]
 [1.31812099e+01 1.31812099e+01 1.02766705e-02 ... 9.84546492e+00
  6.91868696e+00 4.29654510e+00]
 ...
 [1.31812099e+01 1.31812099e+01 1.05605502e-02 ... 1.16879256e+01
  1.41837569e+01 1.01506794e+01]
 [1.31812099e+01 1.31812099e+01 1.05564009e-02 ... 1.34202940e+01
  1.24059496e+01 1.01784590e+01]
 [1.31812099e+01 1.31812099e+01 2.82519017e+01 ... 3.73975417e+01
  2.00994241e+01 1.51734022e+01]]"	"[[-0.04446219 -0.03739235 -0.03413293 ... -0.05715613 -0.07746405
  -0.0758626 ]
 [ 0.03612856  0.03480146  0.03981656 ... -0.06063907 -0.05953722
  -0.04735995]
 [ 0.09196166  0.10365806  0.10401439 ...  0.07225741  0.0720289
   0.09097149]
 [-0.0153891  -0.02072467 -0.02298976 ... -0.09333972 -0.09815558
  -0.08207598]
 [-0.01685256 -0.01949626 -0.01913947 ...  0.00975615  0.0128856
   0.00065258]
 [ 0.03054482  0.02825197  0.02757833 ...  0.03674194  0.04390984
   0.04495351]]"	anger
"[[-7.2364490e+02 -7.2364490e+02 -7.2364490e+02 ... -7.1954059e+02
  -7.2074329e+02 -7.2331061e+02]
 [ 0.0000000e+00  0.0000000e+00  0.0000000e+00 ...  5.6568880e+00
   3.9754329e+00  4.7266167e-01]
 [ 0.0000000e+00  0.0000000e+00  0.0000000e+00 ...  5.2309799e+00
   3.6073189e+00  4.7255489e-01]
 ...
 [ 0.0000000e+00  0.0000000e+00  0.0000000e+00 ...  2.5414920e-01
   7.0677072e-02  4.6914238e-01]
 [ 0.0000000e+00  0.0000000e+00  0.0000000e+00 ...  3.7555522e-01
   4.1605425e-01  4.6839696e-01]
 [ 0.0000000e+00  0.0000000e+00  0.0000000e+00 ...  6.7628247e-01
   9.2991084e-01  4.6758196e-01]]"	"[[18.17250692 18.17250692 18.17250692 ... 16.54535926  9.00138665
   7.8215952 ]
 [18.17250692 18.17250692 18.17250692 ...  8.14917903  8.52687947
   6.58115693]
 [18.17250692 18.17250692 18.17250692 ...  9.97352908 16.42733483
   8.76987159]
 ...
 [18.17250692 18.17250692 18.17250692 ... 13.11202138 14.34662849
  11.04428511]
 [18.17250692 18.17250692 18.17250692 ... 12.97326032 16.39001804
  14.67875285]
 [18.17250692 18.17250692 18.17250692 ... 35.83975795 22.83529261
  16.79417826]]"	"[[ 0.0571035  -0.05714136 -0.03027458 ... -0.01938184 -0.01642106
  -0.00607686]
 [ 0.03580692 -0.03115405 -0.03178568 ... -0.00616301 -0.00954313
  -0.01238252]
 [-0.06732952 -0.06776923 -0.05205834 ... -0.02725217 -0.02691769
  -0.03139903]
 [ 0.01351005 -0.00643401 -0.01074874 ...  0.06931801  0.07534007
   0.06806685]
 [-0.0181177  -0.04737421 -0.04861416 ...  0.00910606  0.01543948
   0.02739057]
 [ 0.0537955   0.05942998  0.06811924 ... -0.02200806 -0.0242961
  -0.02319967]]"	anger
"[[-8.10872375e+02 -7.91372620e+02 -8.08630249e+02 ... -6.63961609e+02
  -6.85518921e+02 -7.34924683e+02]
 [ 3.46691589e+01  4.12122917e+01  3.49894485e+01 ...  9.89201050e+01
   1.00623947e+02  9.69788284e+01]
 [ 6.67098665e+00  7.47090054e+00  7.56956625e+00 ... -1.56847935e+01
  -7.21660423e+00  4.31336498e+00]
 ...
 [-8.65767765e+00 -8.63034439e+00 -1.19709215e+01 ... -3.41475534e+00
   1.02101183e+00  2.20822382e+00]
 [-1.14625225e+01 -9.42081070e+00 -1.10841885e+01 ...  6.63500881e+00
   7.10368919e+00  1.72507057e+01]
 [-5.73994303e+00 -5.50714493e-01 -4.80924702e+00 ...  1.31305389e+01
   1.10584822e+01  1.14276962e+01]]"	"[[ 9.07119171  8.08830796 17.70221027 ... 22.97918242 18.11107973
  12.15933929]
 [10.60369997 13.01733487  8.49851531 ...  5.85904184  6.59017991
   4.47568064]
 [18.32743966  9.99196555 16.60563252 ...  9.66968425  9.45691968
   7.35942393]
 ...
 [19.38219539 14.98105686 12.32932293 ... 17.55951348 15.40210206
  17.01068924]
 [15.76742014 14.85677383 13.6472679  ... 15.09729472 16.77591192
  16.05553236]
 [22.02019182 26.2135022  41.05363475 ... 44.59746317 20.79703622
  17.3338556 ]]"	"[[-0.03462462 -0.03355487 -0.02955974 ...  0.02169047  0.01243332
   0.0086006 ]
 [-0.0038483   0.00310758 -0.00116003 ... -0.02199586 -0.02978643
  -0.03247124]
 [-0.03072678 -0.03808077 -0.03559581 ... -0.07229512 -0.07592762
  -0.06548785]
 [-0.00212781  0.00973462  0.03245686 ...  0.01449157  0.03998972
   0.01901772]
 [-0.00228696  0.00771729  0.0033394  ...  0.01651388  0.0182598
   0.02606658]
 [-0.00406152  0.00102706  0.00042573 ... -0.02313272 -0.0219111
  -0.02480263]]"	anger
"[[-7.0377124e+02 -7.0377124e+02 -7.0377124e+02 ... -7.0350409e+02
  -7.0297382e+02 -7.0301013e+02]
 [ 0.0000000e+00  0.0000000e+00  0.0000000e+00 ...  3.7502956e-01
   1.1204906e+00  1.0685966e+00]
 [ 0.0000000e+00  0.0000000e+00  0.0000000e+00 ...  3.6670774e-01
   1.0988975e+00  1.0453933e+00]
 ...
 [ 0.0000000e+00  0.0000000e+00  0.0000000e+00 ...  1.3254613e-01
   4.8336825e-01  3.9908245e-01]
 [ 0.0000000e+00  0.0000000e+00  0.0000000e+00 ...  8.9113526e-02
   3.6708754e-01  2.8074449e-01]
 [ 0.0000000e+00  0.0000000e+00  0.0000000e+00 ...  4.4512380e-02
   2.4677071e-01  1.5979534e-01]]"	"[[16.29790184 16.29790184 16.29790184 ...  9.84338574  8.29617728
   4.73249408]
 [16.29790184 16.29790184 16.29790184 ...  5.70226241  8.49153242
   5.94187297]
 [16.29790184 16.29790184 16.29790184 ...  8.9928253  12.35458792
  10.42628763]
 ...
 [16.29790184 16.29790184 16.29790184 ... 12.34789195 14.03390043
  13.44728551]
 [16.29790184 16.29790184 16.29790184 ... 15.09965559 13.31610221
  14.53774755]
 [16.29790184 16.29790184 16.29790184 ... 37.63944431 20.29307778
  15.69897912]]"	"[[ 0.033913    0.02939008  0.07849442 ... -0.01073782  0.00943605
   0.00619764]
 [-0.03138732 -0.03928637 -0.03743923 ...  0.04254085  0.03913018
   0.07175392]
 [ 0.02618703 -0.00774201 -0.01068497 ... -0.03822077 -0.02981436
  -0.02964612]
 [-0.01454369 -0.01589392 -0.0481368  ...  0.0500171   0.03704531
   0.042036  ]
 [-0.01582099 -0.02211901  0.00686838 ... -0.00454496  0.00077746
   0.00108632]
 [-0.01474777 -0.02810986 -0.00729595 ... -0.01298115 -0.01035069
  -0.0117934 ]]"	anger
"[[-734.4998    -735.323     -735.0815    ... -714.8499    -725.0453
  -728.88336  ]
 [   2.8840902    1.7228004    2.0644956 ...   26.568575    15.017397
    10.489267 ]
 [   2.873262     1.7207787    2.062625  ...   16.693466    11.822279
     9.561729 ]
 ...
 [   2.5428996    1.656806     2.0033576 ...    8.137848     7.5714903
     5.988119 ]
 [   2.474661     1.6429958    1.9905411 ...    8.276755     7.3249855
     5.5344276]
 [   2.401517     1.6279454    1.9765618 ...    8.542538     6.5634623
     4.661487 ]]"	"[[ 5.31817237 10.02329259 22.52095233 ...  8.63195503 10.50662029
   5.12543642]
 [ 5.30985144  8.02858401  4.31411593 ...  7.98744606 11.63028064
   7.48718844]
 [ 2.92732629  6.97198773 14.39286392 ... 14.25041391 13.20883075
  10.44774551]
 ...
 [12.44074069 11.2993967   9.21682834 ... 10.66689338 14.91680123
  12.47760637]
 [11.6556015  12.74403489 13.89600779 ... 12.23967135 14.20781546
  13.66551853]
 [25.96905858 29.71817721 37.37839878 ... 36.10832933 20.93439502
  16.41097462]]"	"[[-0.01661589 -0.01112102 -0.0055466  ...  0.00844453 -0.00211819
  -0.00058627]
 [ 0.01202226  0.00975864  0.00660079 ... -0.00994365 -0.01402487
  -0.00597491]
 [ 0.08139406  0.07330112  0.06827691 ... -0.09849651 -0.09931086
  -0.09377649]
 [ 0.03207712  0.03412039  0.02823509 ... -0.01015489 -0.00608177
   0.00176409]
 [ 0.05887587  0.06392752  0.06508484 ...  0.02488858  0.02997482
   0.02675953]
 [-0.00569319 -0.0025538  -0.00422353 ... -0.00402731  0.00206925
   0.00320394]]"	anger
"[[-9.08494202e+02 -8.98515381e+02 -8.99042908e+02 ... -7.41140076e+02
  -7.49817505e+02 -7.81305481e+02]
 [ 5.95732784e+00  1.70051689e+01  1.58364239e+01 ...  1.52634674e+02
   1.44307465e+02  1.22744461e+02]
 [ 5.94499111e+00  1.27895126e+01  1.13172245e+01 ...  6.42801819e+01
   6.34000854e+01  5.42717590e+01]
 ...
 [ 5.56010151e+00  8.18958092e+00  8.60894585e+00 ... -9.35671425e+00
  -9.66250515e+00 -1.01510782e+01]
 [ 5.47842026e+00  8.87150574e+00  1.08507433e+01 ...  4.99985009e-01
   3.40876222e+00  6.16664028e+00]
 [ 5.38997316e+00  9.55934334e+00  1.17015524e+01 ...  1.21979418e+01
   1.16612816e+01  1.12191830e+01]]"	"[[13.80064913 15.91619908 17.59147661 ...  7.79833071  7.38867323
   9.32784976]
 [ 8.61310246  7.12744065  7.11105046 ... 11.0806556   2.30448928
   7.0518982 ]
 [10.93962946 11.51914936 17.33651077 ... 11.61034026 16.95079832
  10.87110181]
 ...
 [13.86379754 11.36019677 10.82376189 ... 16.04389065 13.92318019
  17.0201375 ]
 [14.59082402 14.52467581 14.67889881 ... 18.8324145  20.33225389
  17.3272428 ]
 [35.08908975 36.15433045 35.43056573 ... 38.23817914 23.03370907
  18.50562197]]"	"[[-0.04886331 -0.03870828 -0.04087303 ... -0.08210944 -0.07785366
  -0.07501107]
 [ 0.03063731  0.02552841  0.02047507 ...  0.00240743 -0.02253414
  -0.04107673]
 [-0.02989877 -0.03322961 -0.03017126 ...  0.11622555  0.09998504
   0.10235021]
 [ 0.04911947  0.03689     0.05038793 ... -0.05159999 -0.05173607
  -0.05366166]
 [-0.00863295 -0.01069995 -0.01262531 ...  0.03762745  0.02543235
   0.02145765]
 [-0.01108711 -0.00411226 -0.0122027  ...  0.05644481  0.05965675
   0.055688  ]]"	disgusted
"[[-775.80835   -775.80835   -775.80835   ... -738.63586   -742.335
  -758.1985   ]
 [   0.           0.           0.        ...   36.128292    34.536575
    19.160004 ]
 [   0.           0.           0.        ...    7.7646236   10.830849
     6.85485  ]
 ...
 [   0.           0.           0.        ...   -1.629037     4.0844154
     3.165787 ]
 [   0.           0.           0.        ...    7.68442     10.067093
     6.478577 ]
 [   0.           0.           0.        ...    4.062682     4.833543
     5.728134 ]]"	"[[13.72738064 13.72738064 13.72738064 ... 10.2439152  19.41949152
   9.4178884 ]
 [13.72738064 13.72738064 13.72738064 ... 10.44666518  5.97865903
   6.477226  ]
 [13.72738064 13.72738064 13.72738064 ...  9.6840946  10.66645331
   8.04813676]
 ...
 [13.72738064 13.72738064 13.72738064 ... 15.24112867 15.1948971
  14.99717942]
 [13.72738064 13.72738064 13.72738064 ... 17.75164252 16.37848965
  14.83641136]
 [13.72738064 13.72738064 13.72738064 ... 38.73431849 35.40728476
  32.81125559]]"	"[[ 0.022343    0.07205453  0.04074774 ... -0.00299484 -0.00434569
  -0.01000354]
 [-0.07085245 -0.08310555 -0.10195739 ... -0.00214687  0.00856678
   0.01267468]
 [ 0.10431955  0.10899638  0.13207557 ...  0.01416443 -0.00371067
  -0.03290302]
 [ 0.00920829  0.03360151  0.04584915 ... -0.01630454 -0.02060632
  -0.0263643 ]
 [-0.00449826 -0.01419403 -0.00897105 ... -0.01387981 -0.01012803
  -0.01402113]
 [-0.02609842 -0.02884848 -0.03951216 ...  0.01487147  0.00428339
   0.00180446]]"	disgusted
"[[-581.71765   -553.5084    -557.1277    ... -513.86053   -504.58618
  -519.76306  ]
 [ 120.172775   128.91185    122.55551   ...  103.46893     88.46319
    82.99804  ]
 [ -48.09974    -54.947685   -61.173813  ...    6.7026243   -5.9407873
   -14.837512 ]
 ...
 [   3.0570178    3.7739854   10.027393  ...   -5.4814854   -8.666201
    -2.734427 ]
 [   1.928987    10.016487    13.956703  ...   12.508576     7.3495207
     2.848353 ]
 [   8.374207    12.5645685    9.702001  ...   27.67942     26.257507
    21.01559  ]]"	"[[ 6.01343691 10.90994881  9.68293772 ... 24.11835323 10.91443309
   4.34381793]
 [ 8.42190143  7.73544483  9.85338039 ...  8.20783946  7.74092045
   2.86362857]
 [12.00988651 12.34726878 16.46330564 ...  7.14330374  6.49963387
  11.19228753]
 ...
 [17.06436005 17.23583644 17.20477992 ... 22.80216586 14.35096705
  14.03170106]
 [17.82367386 21.9173681  21.01491452 ... 19.15250558 17.65240312
  16.74763573]
 [24.6718377  29.5516583  46.79928779 ... 50.84984578 27.37570922
  27.61580912]]"	"[[ 0.05295358  0.00999078  0.01603617 ... -0.02611564 -0.00071759
   0.01325884]
 [ 0.01144011  0.02344425  0.05280616 ...  0.03412001  0.00599286
   0.00774424]
 [ 0.02716273  0.04695614  0.05605558 ...  0.03212913  0.0238509
   0.02510013]
 [-0.04745176 -0.040086   -0.07770688 ... -0.02731189 -0.03019257
  -0.02724204]
 [ 0.00274876  0.0102185   0.0123618  ... -0.0120622  -0.0064341
  -0.0080781 ]
 [-0.04850488 -0.03659679 -0.02083069 ...  0.00142263  0.00026266
   0.00742777]]"	disgusted
"[[-8.2494672e+02 -8.2494672e+02 -8.2494672e+02 ... -8.1259119e+02
  -8.1194934e+02 -8.2327356e+02]
 [ 0.0000000e+00  0.0000000e+00  0.0000000e+00 ...  1.6133804e+01
   1.6825708e+01  2.3178382e+00]
 [ 0.0000000e+00  0.0000000e+00  0.0000000e+00 ...  1.2803274e+01
   1.2891994e+01  2.1757741e+00]
 ...
 [ 0.0000000e+00  0.0000000e+00  0.0000000e+00 ... -1.5289962e-02
  -4.4170577e-02 -3.9301789e-01]
 [ 0.0000000e+00  0.0000000e+00  0.0000000e+00 ... -4.5630518e-01
  -1.2626560e+00 -5.8784616e-01]
 [ 0.0000000e+00  0.0000000e+00  0.0000000e+00 ... -8.3317429e-02
  -1.6079030e+00 -7.0557803e-01]]"	"[[13.79295933 13.79295933 13.79295933 ...  7.94794629  9.39842348
   8.83785325]
 [13.79295933 13.79295933 13.79295933 ... 11.7147235   5.51620962
   6.1331193 ]
 [13.79295933 13.79295933 13.79295933 ... 11.57615907  7.98901517
   9.75664174]
 ...
 [13.79295933 13.79295933 13.79295933 ... 15.08384814 14.03017873
   9.78831763]
 [13.79295933 13.79295933 13.79295933 ... 11.42877273 11.48215634
  13.03751157]
 [13.79295933 13.79295933 13.79295933 ... 39.95835409 21.69600557
  15.87968704]]"	"[[ 0.03336909  0.0186168  -0.00411754 ... -0.01590601  0.0040494
   0.0024674 ]
 [-0.07234945 -0.07705845 -0.04167854 ...  0.01163187  0.00378713
   0.00628996]
 [ 0.05140695  0.06582634  0.04710923 ... -0.06176298 -0.07780012
  -0.08135996]
 [-0.00128727  0.03018755  0.09419896 ... -0.04101889 -0.05109698
  -0.055112  ]
 [-0.0172901  -0.03821248 -0.01950384 ...  0.02374661  0.02149441
   0.0220585 ]
 [ 0.01898265  0.0121777   0.03942687 ... -0.00197978 -0.00167502
   0.0035271 ]]"	disgusted
"[[-8.4734686e+02 -8.4734686e+02 -8.4734686e+02 ... -7.8117767e+02
  -7.9354150e+02 -8.0880548e+02]
 [ 0.0000000e+00  0.0000000e+00  0.0000000e+00 ...  5.8366238e+01
   5.1851810e+01  4.1459564e+01]
 [ 0.0000000e+00  0.0000000e+00  0.0000000e+00 ... -2.8599423e-01
   9.3256254e+00  1.6535440e+01]
 ...
 [ 0.0000000e+00  0.0000000e+00  0.0000000e+00 ... -4.1090477e-01
   2.5927792e+00  1.0617583e+00]
 [ 0.0000000e+00  0.0000000e+00  0.0000000e+00 ...  6.0854163e+00
   8.4043913e+00  4.0936503e+00]
 [ 0.0000000e+00  0.0000000e+00  0.0000000e+00 ...  7.1054578e+00
   6.8758154e+00  3.2165520e+00]]"	"[[10.42867679  4.12615357  6.6032593  ...  9.74295606  7.98106498
   6.5553249 ]
 [ 7.2027636   3.54128037  4.67097945 ...  7.60152325  6.23346609
   3.80313226]
 [ 5.01136927  6.83056173 12.34282091 ... 13.11321239  7.0857627
   6.76594184]
 ...
 [ 4.75848809 14.57634175  8.92782486 ... 12.22218392 14.20636413
  17.65656547]
 [ 5.39843772 12.371631   13.55279831 ... 16.20300595 10.92845332
  14.77597955]
 [33.24961887 36.58368176 37.19599933 ... 36.07531364 27.45305003
  22.88085331]]"	"[[-0.02176    -0.02325484 -0.02527511 ... -0.01286501 -0.00284656
  -0.01761124]
 [-0.01306134 -0.01609055 -0.01890735 ... -0.04551253 -0.01488515
  -0.02660213]
 [-0.02944347 -0.02959979 -0.02844259 ... -0.00553107 -0.00030412
  -0.0094653 ]
 [ 0.00587674  0.00428521  0.00291299 ... -0.03732701 -0.01312578
  -0.01873802]
 [-0.01285849 -0.01278141 -0.01283948 ...  0.00666131  0.00418292
   0.0008031 ]
 [ 0.00995743  0.0103862   0.01071871 ... -0.00594636 -0.01263598
  -0.00595934]]"	disgusted
"[[-819.6373    -822.45667   -825.03503   ... -822.5556    -823.0253
  -826.569    ]
 [  11.261948     7.294689     3.6978111 ...    6.913809     6.4287086
     1.530111 ]
 [  11.058264     7.163805     3.6912432 ...    6.285284     6.1821027
     1.5281875]
 ...
 [   7.046283     6.2537165    3.487032  ...    5.378214     5.51813
     1.4672817]
 [   6.5020742    6.2590904    3.4438658 ...    5.6975503    5.5702825
     1.4541228]
 [   5.9880714    6.270564     3.397193  ...    6.192316     5.684868
     1.4397725]]"	"[[10.35163374 15.31409676 12.16186465 ... 17.88033692 12.93620018
   9.57930911]
 [ 3.17660986  5.70395749 13.54060043 ...  3.26127156 12.72141623
   3.20216862]
 [12.84834697  9.6755967   9.7049317  ...  8.10627741  7.07888608
   7.29965617]
 ...
 [10.46240872 15.515736   13.16495455 ... 11.23607558 11.60662577
  12.89499456]
 [12.53555358 16.23257527 12.86031205 ... 13.84104926 14.63918473
  11.68344262]
 [15.37609175 19.53420091 37.0740218  ... 37.97211749 28.05363623
  21.36534096]]"	"[[-0.0080021  -0.00592499 -0.00181012 ... -0.05743424 -0.06252082
  -0.06007426]
 [-0.0576355  -0.06698827 -0.05528757 ...  0.01109764  0.00134594
   0.00651622]
 [ 0.10085687  0.09852141  0.09650911 ...  0.06220122  0.06486371
   0.05779319]
 [ 0.12093755  0.12123455  0.11861557 ...  0.00708715  0.01053387
   0.01135682]
 [ 0.05829583  0.05784348  0.06023524 ...  0.01240884  0.01087084
   0.009724  ]
 [ 0.00484895  0.00897003  0.00607478 ...  0.05872428  0.06096203
   0.06292973]]"	fearful
"[[-7.8056671e+02 -7.8055164e+02 -7.8056671e+02 ... -7.7480878e+02
  -7.7308295e+02 -7.7935809e+02]
 [ 0.0000000e+00  2.1372609e-02  0.0000000e+00 ...  7.9637284e+00
   1.0309926e+01  1.7050838e+00]
 [ 0.0000000e+00  2.1331048e-02  0.0000000e+00 ...  7.4464645e+00
   9.5223961e+00  1.6928554e+00]
 ...
 [ 0.0000000e+00  1.9955680e-02  0.0000000e+00 ...  1.3443345e+00
   1.0161401e+00  1.3288475e+00]
 [ 0.0000000e+00  1.9657180e-02  0.0000000e+00 ...  1.4510908e+00
   1.2973989e+00  1.2558571e+00]
 [ 0.0000000e+00  1.9332141e-02  0.0000000e+00 ...  1.7626723e+00
   1.8325799e+00  1.1784658e+00]]"	"[[ 7.81840661  3.32809552  3.95331103 ...  6.64069109  7.33363916
   9.86086957]
 [ 7.0966637   4.4706566   5.28381252 ...  3.72814836  3.73034621
   7.28227111]
 [ 6.85088638  6.33482501  7.0659843  ... 11.71632687 10.28542361
   5.40720035]
 ...
 [10.76438253 12.19797152 15.69230022 ...  9.03052079 14.85630599
   8.45293729]
 [12.9605212  14.72658235 12.19586    ... 12.33394455 13.19585547
  16.30448652]
 [20.04660647 26.97620387 36.66115282 ... 34.43105035 22.97505251
  16.57648989]]"	"[[-0.07579233 -0.07526572 -0.07437914 ... -0.09506766 -0.10035029
  -0.11184542]
 [-0.00240786 -0.00012458  0.00187638 ... -0.02390431 -0.01501539
  -0.01077547]
 [ 0.11046047  0.11121424  0.11303453 ...  0.11457869  0.11537763
   0.12122644]
 [-0.09446681 -0.09786627 -0.10087091 ... -0.07668641 -0.0524838
  -0.04372438]
 [ 0.00445815  0.00341242  0.00316484 ...  0.01003816  0.00891956
   0.01137403]
 [ 0.04012583  0.03994267  0.04020616 ...  0.02719662  0.02380204
   0.03104978]]"	fearful
"[[-764.0332    -764.0332    -764.0332    ... -655.9178    -662.0543
  -684.2521   ]
 [   0.           0.           0.        ...   51.86499     47.937195
    39.100483 ]
 [   0.           0.           0.        ...  -42.94457    -41.82041
   -36.353596 ]
 ...
 [   0.           0.           0.        ...    1.8978002   -4.7363567
    -6.1538324]
 [   0.           0.           0.        ...    2.3189929   -4.250703
    -9.070908 ]
 [   0.           0.           0.        ...   -4.848369    -9.506603
   -12.754238 ]]"	"[[17.6257792  17.6257792  17.6257792  ... 14.26772537 12.0908347
   3.62295236]
 [17.6257792  17.6257792  17.6257792  ...  5.88729728  5.1981851
   5.57425891]
 [17.6257792  17.6257792  17.6257792  ... 11.64416214  7.15762623
  10.65898281]
 ...
 [17.6257792  17.6257792  17.6257792  ... 17.79474336 14.41836653
  15.49817954]
 [17.6257792  17.6257792  17.6257792  ... 14.00619437 13.70267817
  16.97791166]
 [17.6257792  17.6257792  17.6257792  ... 40.20991134 32.44718606
  27.19549404]]"	"[[-0.06576125 -0.05484859 -0.03765863 ... -0.03231777 -0.03605591
   0.01890346]
 [-0.07315491 -0.06369788 -0.06816683 ... -0.02672878  0.00203567
   0.01384566]
 [-0.04768424 -0.04880133 -0.06429036 ...  0.0557286  -0.00481526
  -0.02739001]
 [ 0.05274356  0.08729434  0.11758957 ...  0.04680922  0.09883066
   0.04844401]
 [-0.00150709  0.00078292  0.00349387 ... -0.01797473 -0.01241027
   0.02104764]
 [ 0.0017825   0.00097172  0.00796894 ... -0.0097962  -0.00038052
   0.01914168]]"	fearful
"[[-7.9493024e+02 -7.7142053e+02 -7.5181073e+02 ... -5.7226953e+02
  -5.7725330e+02 -5.9940057e+02]
 [ 3.0599182e+01  5.2356728e+01  6.7811935e+01 ...  8.2891174e+01
   8.6230164e+01  8.5572998e+01]
 [ 2.5072342e+01  2.5862162e+01  2.1377659e+01 ... -3.2447662e+01
  -2.5750677e+01 -1.9746264e+01]
 ...
 [ 2.9702504e+00 -2.9615340e+00 -2.9034278e+00 ...  1.2006390e+01
   8.7986240e+00  1.0182280e+01]
 [ 2.6313000e+00  1.4704778e+00  7.7070832e-01 ...  4.6455045e+00
   3.2267714e+00  1.8169444e+00]
 [ 1.3099833e+00 -3.4316450e-02 -4.4897246e+00 ...  3.3906207e+00
   1.8750494e+00  1.0776088e+00]]"	"[[ 4.91747627  9.60962804 10.73801093 ...  8.01833304 11.05197118
  16.0771846 ]
 [11.35054118  9.96904504  9.17716219 ...  5.46137817  8.49018376
   6.86194814]
 [10.05003973  7.70012449 16.59258559 ...  8.94107703 11.97037202
   4.54882429]
 ...
 [10.54252028 16.48210886 17.62569023 ... 18.73197242 13.91052626
  14.53368453]
 [16.10085077 16.52341782 15.86278748 ... 13.6819422  15.87820777
  14.82255058]
 [31.93960247 34.90699351 35.84135217 ... 46.94106985 20.36154488
  18.24036411]]"	"[[ 0.04336529  0.0438318   0.02634742 ... -0.01925143 -0.02263199
  -0.02441495]
 [ 0.00560743  0.00299457  0.00127507 ...  0.00125124  0.04239538
   0.03240465]
 [-0.12891319 -0.111513   -0.09955255 ... -0.0117178  -0.07127915
  -0.02801672]
 [-0.03854179 -0.03813118 -0.00766601 ... -0.02578215 -0.02384374
  -0.01208612]
 [-0.02267955 -0.02527276 -0.03756145 ...  0.01295867  0.00356972
   0.01747137]
 [ 0.00039909 -0.00253906 -0.00389539 ...  0.0055427   0.01380544
   0.01247015]]"	fearful
"[[-724.6669 -724.6669 -724.6669 ... -724.6669 -724.6669 -724.6669]
 [   0.        0.        0.     ...    0.        0.        0.    ]
 [   0.        0.        0.     ...    0.        0.        0.    ]
 ...
 [   0.        0.        0.     ...    0.        0.        0.    ]
 [   0.        0.        0.     ...    0.        0.        0.    ]
 [   0.        0.        0.     ...    0.        0.        0.    ]]"	"[[17.01490241 17.01490241 17.01490241 ...  9.25243811 26.37070001
   5.93321274]
 [17.01490241 17.01490241 17.01490241 ...  4.49292652  3.9854333
   5.25893339]
 [17.01490241 17.01490241 17.01490241 ... 10.81566066 11.10544785
   9.51799768]
 ...
 [17.01490241 17.01490241 17.01490241 ... 11.71983285 11.04043306
   9.64572273]
 [17.01490241 17.01490241 17.01490241 ... 14.87967233 16.51114564
  12.03707978]
 [17.01490241 17.01490241 17.01490241 ... 39.19799939 21.5539997
  14.83647679]]"	"[[ 3.06543757e-02 -2.19492420e-03 -3.61173733e-02 ...  1.55745224e-02
   1.39069470e-02 -6.52815517e-03]
 [ 4.48182393e-03  6.47448293e-03  9.74150584e-03 ... -3.51395044e-02
  -4.68382271e-02 -5.48051964e-02]
 [-1.43427573e-01 -1.41807226e-01 -1.27593474e-01 ...  3.50934342e-02
   3.10100988e-02  5.75130954e-02]
 [ 6.95073493e-02  5.51106185e-02  3.01873200e-02 ... -6.60769641e-04
   7.35968351e-05  1.13584623e-02]
 [ 7.35124093e-03  3.24751232e-03  4.03999834e-03 ... -2.24352576e-03
  -1.07600574e-02  2.32434520e-04]
 [ 3.34439510e-02  3.39006712e-02  3.14822993e-02 ...  3.85479275e-02
   2.72994060e-02  3.25508378e-02]]"	fearful
"[[-8.2870563e+02 -8.2870563e+02 -8.2870563e+02 ... -8.2870270e+02
  -8.2870563e+02 -8.2870563e+02]
 [ 0.0000000e+00  0.0000000e+00  0.0000000e+00 ...  4.0909550e-03
   0.0000000e+00  0.0000000e+00]
 [ 0.0000000e+00  0.0000000e+00  0.0000000e+00 ...  4.0900307e-03
   0.0000000e+00  0.0000000e+00]
 ...
 [ 0.0000000e+00  0.0000000e+00  0.0000000e+00 ...  4.0604947e-03
   0.0000000e+00  0.0000000e+00]
 [ 0.0000000e+00  0.0000000e+00  0.0000000e+00 ...  4.0540434e-03
   0.0000000e+00  0.0000000e+00]
 [ 0.0000000e+00  0.0000000e+00  0.0000000e+00 ...  4.0450944e-03
   0.0000000e+00  0.0000000e+00]]"	"[[ 2.57604676  4.30385785  6.96370058 ... 10.40122495 11.89353291
   5.08439801]
 [ 3.34655786  5.81447755  4.30807804 ...  4.88548954  4.83738441
  10.75946542]
 [14.25551732  8.62753118  4.62672438 ...  8.89266327  6.43025665
   4.56882096]
 ...
 [12.34492295 10.52591463 13.78434593 ... 15.08047701 11.48891714
  13.7886697 ]
 [11.60067315 13.43606277 12.68560093 ... 14.97446882 13.43465583
  13.43101077]
 [33.85648977 34.14017571 35.42782115 ... 36.06916329 26.16237368
  15.96803967]]"	"[[-0.04937194 -0.04383248 -0.03760135 ... -0.01501168 -0.01223396
  -0.00559392]
 [ 0.00254845  0.01614932  0.00783081 ...  0.04144528  0.03641263
   0.03756538]
 [-0.04102657 -0.03773736 -0.04872821 ...  0.09082427  0.09251559
   0.10235232]
 [-0.03560214 -0.04048929 -0.05383088 ... -0.04328734 -0.03329113
  -0.05280568]
 [-0.00074481  0.00290092  0.00525677 ...  0.01444577  0.02042054
   0.0253237 ]
 [ 0.01343648  0.01055543  0.01006887 ...  0.0030106   0.00661405
   0.01170855]]"	happy
"[[-7.5662079e+02 -7.5662079e+02 -7.5662079e+02 ... -7.5424152e+02
  -7.5227258e+02 -7.5339844e+02]
 [ 0.0000000e+00  0.0000000e+00  0.0000000e+00 ...  3.3210239e+00
   6.0954828e+00  4.4889183e+00]
 [ 0.0000000e+00  0.0000000e+00  0.0000000e+00 ...  3.1922650e+00
   5.9362121e+00  4.2893968e+00]
 ...
 [ 0.0000000e+00  0.0000000e+00  0.0000000e+00 ...  6.7774916e-01
   2.1386902e+00  7.9911983e-01]
 [ 0.0000000e+00  0.0000000e+00  0.0000000e+00 ...  4.1539124e-01
   1.5726944e+00  5.1805067e-01]
 [ 0.0000000e+00  0.0000000e+00  0.0000000e+00 ...  1.9918224e-01
   1.0337566e+00  3.1483096e-01]]"	"[[ 4.79763242 18.282915    8.15144073 ...  6.49482687 13.43157738
  12.29023344]
 [13.58687689  4.95830557  7.42802051 ...  8.86669204 10.71064353
  13.15397757]
 [ 8.56335769 10.09465457 11.10147226 ... 10.26204579 12.37129484
   8.17240803]
 ...
 [10.74228823 14.23031058 17.27945148 ... 13.25739279 11.5286553
  12.42495394]
 [12.9330663  15.67222194 13.70485347 ... 13.52439326 13.10813467
  12.86496186]
 [28.83798641 31.75402993 35.85144409 ... 39.52882174 22.7940416
  17.46423311]]"	"[[-0.02477176 -0.04906258 -0.03422838 ...  0.0260181   0.03215297
   0.02013768]
 [ 0.00306863  0.01082259 -0.00409026 ... -0.02889971 -0.02549054
  -0.0228013 ]
 [-0.01788735 -0.00934048  0.03240398 ...  0.02301145  0.01484225
   0.00323112]
 [ 0.00657461 -0.00969274  0.05983186 ... -0.07470254 -0.06520222
  -0.06369605]
 [ 0.01851096  0.0323571   0.02544839 ... -0.00582458 -0.01694094
  -0.01672049]
 [ 0.03426688  0.00997297  0.01961915 ... -0.01749596 -0.01843109
  -0.01530677]]"	happy
"[[-8.30243652e+02 -8.30243652e+02 -8.30243652e+02 ... -8.30154541e+02
  -8.29624939e+02 -8.30243652e+02]
 [ 0.00000000e+00  0.00000000e+00  0.00000000e+00 ...  1.25578552e-01
   8.47999692e-01  0.00000000e+00]
 [ 0.00000000e+00  0.00000000e+00  0.00000000e+00 ...  1.24189533e-01
   7.70450950e-01  0.00000000e+00]
 ...
 [ 0.00000000e+00  0.00000000e+00  0.00000000e+00 ...  8.23291242e-02
   5.42216823e-02  0.00000000e+00]
 [ 0.00000000e+00  0.00000000e+00  0.00000000e+00 ...  7.38359019e-02
   1.07583806e-01  0.00000000e+00]
 [ 0.00000000e+00  0.00000000e+00  0.00000000e+00 ...  6.47999346e-02
   1.80582315e-01  0.00000000e+00]]"	"[[11.73093911 11.73093911 11.73093911 ... 17.83165195  1.63130157
   0.93465441]
 [11.73093911 11.73093911 11.73093911 ... 12.98352931  1.65165257
   1.72477768]
 [11.73093911 11.73093911 11.73093911 ...  8.61539439  5.11647896
   3.94233887]
 ...
 [11.73093911 11.73093911 11.73093911 ... 11.80610667  4.76704904
   5.33156167]
 [11.73093911 11.73093911 11.73093911 ... 11.93028997 16.52385982
  14.1173325 ]
 [11.73093911 11.73093911 11.73093911 ... 37.8144891  32.55696046
  26.32743631]]"	"[[ 0.116584    0.11569139  0.11819206 ...  0.04939767  0.05041524
   0.05713929]
 [ 0.02713423  0.03630631  0.03026851 ... -0.01431838 -0.01086839
  -0.00702689]
 [ 0.07587628  0.08598462  0.07157124 ... -0.05254846 -0.03691553
  -0.05381092]
 [-0.01614948 -0.00863737  0.01871985 ... -0.02408071 -0.01832183
  -0.00441857]
 [-0.01092219 -0.00789491 -0.01380457 ... -0.01936515 -0.01409908
  -0.02081671]
 [ 0.02626268  0.02767999  0.03341089 ... -0.02915573 -0.02593325
  -0.02245009]]"	happy
"[[-8.6599457e+02 -8.6724304e+02 -8.6909723e+02 ... -7.6652997e+02
  -7.8226752e+02 -8.0651251e+02]
 [ 1.5153287e+01  1.3225592e+01  1.0580572e+01 ...  1.1105736e+02
   9.7052475e+01  7.7748566e+01]
 [ 1.4457254e+01  1.2298707e+01  9.8257332e+00 ...  3.0322739e+01
   2.9637997e+01  3.2671131e+01]
 ...
 [ 7.2651291e+00  9.7857151e+00  9.2780323e+00 ...  1.2195321e+00
   8.6521596e-01 -9.4206494e-01]
 [ 7.1571355e+00  9.8630819e+00  9.1711254e+00 ...  1.5488671e+01
   1.2381310e+01  8.9092960e+00]
 [ 7.0691266e+00  9.6777754e+00  8.7578020e+00 ...  1.6547775e+01
   1.2185450e+01  9.8029222e+00]]"	"[[13.91721201 22.01789165 19.5502089  ...  6.76257301  9.1474176
  12.99376472]
 [ 3.36947374  5.13296813  8.23112539 ... 12.38365135  8.49316761
   3.71546777]
 [ 7.30367781 10.26662257  9.65326837 ... 14.35993433 11.09088164
   7.36318899]
 ...
 [11.03808599 12.90885394 13.28815011 ... 16.10598003 15.44670968
  20.66086573]
 [11.936756   14.23380085 15.60308306 ... 15.42893026 19.52666444
  12.2017596 ]
 [19.30636873 23.17322396 37.84007427 ... 38.28761492 32.37399669
  27.84899666]]"	"[[-0.0712274  -0.06985634 -0.0718681  ... -0.0422667  -0.04162876
  -0.04284332]
 [ 0.02147275  0.01783032  0.01773714 ...  0.04231812  0.03475405
   0.03215799]
 [ 0.07113278  0.06988951  0.06964699 ... -0.04570948 -0.0540064
  -0.06067791]
 [ 0.02420177  0.01978333  0.02315378 ...  0.00572938  0.00107313
  -0.00885604]
 [-0.00548071 -0.00216207 -0.00255968 ...  0.00625653  0.00576552
   0.00592341]
 [ 0.0219225   0.02392987  0.02147646 ...  0.01542001  0.0139317
   0.01450477]]"	happy
"[[-712.2552    -702.9604    -705.9646    ... -624.291     -626.3906
  -641.6319   ]
 [  46.546337    52.28861     48.08603   ...   76.49953     78.8046
    72.65753  ]
 [  11.301542     6.646252     1.4818679 ...  -23.112148   -21.316372
   -18.636606 ]
 ...
 [  -5.4795117   -4.5150447   -5.0029435 ...   -7.803475   -13.147062
   -11.68546  ]
 [   3.858715     4.650324     6.109171  ...   -1.7130897   -0.9693832
     2.4658704]
 [   6.8297343    3.809729     6.4281864 ...   13.502588     9.252814
    12.814056 ]]"	"[[18.10543926  7.29971807 16.58948246 ... 12.22218866 10.72892576
   9.57129044]
 [ 3.21913193  9.11031871  9.42052389 ... 13.63994465  6.23073764
   7.47693433]
 [ 7.13978087  7.99309     9.95563523 ... 15.48485737 10.99080761
   8.78561715]
 ...
 [13.07230765 20.56035576 15.20727511 ... 16.94910484 17.77619356
  16.76296968]
 [15.64213306 14.2023051  17.56912602 ... 17.38201523 14.80544088
  16.92008285]
 [22.29922195 26.78524802 39.75324339 ... 45.58569875 24.033857
  21.98812822]]"	"[[-3.95201094e-02 -5.45385673e-02 -1.46486222e-02 ... -6.19422082e-03
  -5.34497615e-02 -5.32920269e-02]
 [ 2.54659142e-02  1.76904469e-05 -5.93465642e-03 ...  6.51183335e-02
   1.55655286e-02  2.36028992e-02]
 [-1.39141306e-02 -4.85891104e-03 -4.79395613e-02 ... -2.75346711e-02
   1.07459128e-02  1.00065693e-02]
 [-1.65440589e-02 -1.73403993e-02 -3.23852599e-02 ... -3.17826793e-02
  -6.75506890e-03  4.57983464e-03]
 [ 3.08078815e-03  8.98183945e-03 -2.11819127e-03 ... -9.46625601e-03
  -3.86177278e-03 -3.32785347e-03]
 [ 7.86130689e-03  1.58612095e-02  1.56029128e-02 ...  6.23324327e-03
  -4.04478051e-03  3.53420898e-03]]"	happy
"[[-8.2150690e+02 -8.2150690e+02 -8.2150690e+02 ... -8.1647321e+02
  -8.1993585e+02 -8.2078015e+02]
 [ 0.0000000e+00  0.0000000e+00  0.0000000e+00 ...  6.8679600e+00
   2.1950431e+00  1.0228884e+00]
 [ 0.0000000e+00  0.0000000e+00  0.0000000e+00 ...  6.1555796e+00
   2.1189749e+00  1.0082899e+00]
 ...
 [ 0.0000000e+00  0.0000000e+00  0.0000000e+00 ...  6.7184246e-01
   1.2978542e+00  5.9197521e-01]
 [ 0.0000000e+00  0.0000000e+00  0.0000000e+00 ...  1.1105500e+00
   1.2477757e+00  5.1318383e-01]
 [ 0.0000000e+00  0.0000000e+00  0.0000000e+00 ...  1.5731554e+00
   1.1827533e+00  4.3154630e-01]]"	"[[15.33274034 15.33274034 15.33274034 ...  3.75072294  6.64621201
   2.33516093]
 [15.33274034 15.33274034 15.33274034 ...  8.56517504 15.56386714
   3.93303673]
 [15.33274034 15.33274034 15.33274034 ...  5.66510986 15.61188448
  12.89616498]
 ...
 [15.33274034 15.33274034 15.33274034 ... 11.3389129  12.49321896
   7.9261996 ]
 [15.33274034 15.33274034 15.33274034 ... 12.46198193 12.78692229
   8.16286813]
 [15.33274034 15.33274034 15.33274034 ... 37.47510659 28.36162046
  23.41570553]]"	"[[ 0.02443319  0.00129207  0.0278322  ... -0.01037344 -0.01481595
  -0.0146936 ]
 [ 0.15181684  0.16206275  0.18071283 ...  0.01543415  0.01584601
   0.01449913]
 [-0.00579333 -0.01489084 -0.06439776 ...  0.01951699  0.02103762
   0.02829336]
 [ 0.04240727  0.02647952  0.01827027 ... -0.07009773 -0.07867731
  -0.08641275]
 [-0.03515835 -0.03588565 -0.02176648 ...  0.00149106  0.00276274
   0.00524681]
 [-0.08029295 -0.06969582 -0.02755111 ... -0.00139911 -0.00056163
   0.00188992]]"	neutral
"[[-782.96765   -782.96765   -782.96765   ... -774.5469    -772.5152
  -773.9796   ]
 [   0.           0.           0.        ...   11.556177    14.268478
    12.435747 ]
 [   0.           0.           0.        ...   10.59753     12.882673
    11.668722 ]
 ...
 [   0.           0.           0.        ...    2.4188852    3.821868
     3.2422407]
 [   0.           0.           0.        ...    1.9865191    2.7341592
     2.2316878]
 [   0.           0.           0.        ...    1.8658564    1.6392517
     1.2509772]]"	"[[ 6.8579927   9.46878965  8.58336541 ... 14.19695064  8.80504325
  16.19893541]
 [ 5.5947886   5.25474545 10.53030609 ...  6.29745024  5.5506009
   7.98537499]
 [ 9.25942163  8.3089645   6.90010287 ... 10.95498771 10.53830078
   5.9901821 ]
 ...
 [14.6577721  13.58973391 14.86026176 ... 12.32817853 16.71388882
  14.86004463]
 [14.66776114 13.82135473 13.79345993 ... 14.46510688 16.84054114
  10.58326813]
 [12.66301946 15.32056792 36.47594548 ... 40.49565637 31.4337296
  26.75274364]]"	"[[-0.00018965 -0.00732117 -0.00173848 ... -0.06624803 -0.04821891
  -0.04454222]
 [ 0.01642546  0.02094337  0.02538389 ...  0.03038524  0.03750647
   0.04146395]
 [-0.05022187 -0.04438265 -0.05495413 ...  0.05070727  0.03665241
   0.0305593 ]
 [-0.02764474  0.00200702 -0.00731866 ... -0.08791398 -0.08872652
  -0.08670785]
 [ 0.01540267 -0.01057913  0.00786628 ... -0.0143284  -0.01825843
  -0.02291123]
 [-0.00125377 -0.00964795  0.00564515 ...  0.03387653  0.03941369
   0.03916977]]"	neutral
"[[-8.6390125e+02 -8.6390125e+02 -8.6390125e+02 ... -8.4458630e+02
  -8.4868347e+02 -8.5565149e+02]
 [ 0.0000000e+00  0.0000000e+00  0.0000000e+00 ...  2.3236481e+01
   1.8716118e+01  1.0744634e+01]
 [ 0.0000000e+00  0.0000000e+00  0.0000000e+00 ...  1.6081333e+01
   1.2559786e+01  8.6303787e+00]
 ...
 [ 0.0000000e+00  0.0000000e+00  0.0000000e+00 ...  2.1936798e-01
  -1.6786755e+00 -1.0047035e+00]
 [ 0.0000000e+00  0.0000000e+00  0.0000000e+00 ... -3.3245416e+00
  -8.6902249e-01 -9.4102168e-01]
 [ 0.0000000e+00  0.0000000e+00  0.0000000e+00 ... -6.1916466e+00
  -1.3900206e+00 -1.2346063e+00]]"	"[[14.18568456 14.18568456 14.18568456 ... 19.65406306 21.75693171
  10.32343979]
 [14.18568456 14.18568456 14.18568456 ...  3.66196217  9.02696131
   3.72523865]
 [14.18568456 14.18568456 14.18568456 ...  9.20335917  6.57529103
   9.35275459]
 ...
 [14.18568456 14.18568456 14.18568456 ... 12.11752794  9.8301647
  10.63860978]
 [14.18568456 14.18568456 14.18568456 ... 14.22421518 11.95946615
  13.26875333]
 [14.18568456 14.18568456 14.18568456 ... 36.82445481 29.06837574
  23.31292174]]"	"[[ 0.07610042  0.09524256  0.09819052 ... -0.02157168 -0.01033685
   0.00812574]
 [ 0.01773708  0.00435274  0.0236129  ...  0.00212877 -0.01470771
   0.00566534]
 [ 0.03571934  0.00314016  0.00728271 ...  0.00203411 -0.03469341
  -0.03781216]
 [ 0.03425802  0.01865733  0.01548601 ... -0.00753484 -0.022328
  -0.01800734]
 [-0.01241166 -0.03548692 -0.04529282 ... -0.00502719  0.00125725
   0.00437253]
 [ 0.0410326   0.03034179  0.01444483 ... -0.00663891 -0.00353598
  -0.0049421 ]]"	neutral
"[[-868.91925   -866.72614   -861.0356    ... -854.8325    -854.78973
  -861.90826  ]
 [   1.6875087    4.787524    12.004129  ...   20.304173    20.296623
    11.036994 ]
 [   1.6849177    4.7801857   10.349773  ...   17.460875    17.377277
     9.877679 ]
 ...
 [   1.6035032    4.550934     6.3455205 ...    4.8804207    3.8694038
     4.409003 ]
 [   1.5860894    4.502221     6.7062893 ...    5.060618     4.251177
     4.1604967]
 [   1.5671803    4.4494514    6.2593384 ...    3.7551455    3.8777704
     3.1759539]]"	"[[11.04637884 22.3119448  17.91020828 ... 18.02333386 11.09961796
   9.56503106]
 [ 4.30321904  6.17029455  7.89114237 ...  6.19801017  7.38773958
   5.38782262]
 [11.91069698  6.5643687   9.83817396 ... 11.08649862 11.27965472
   9.67706897]
 ...
 [14.52383959 14.94969843 13.65690893 ... 14.81130037 16.57200894
  12.94345054]
 [14.36606233 13.10235659 13.3719096  ... 13.04772388 11.65137141
  13.78421477]
 [16.76833455 21.14350855 36.33982147 ... 38.70969118 23.69258056
  17.42305355]]"	"[[-0.01167662 -0.01280962 -0.02001276 ... -0.04725356 -0.05393662
  -0.05780688]
 [ 0.03924626  0.03414626  0.03919813 ... -0.0786815  -0.08035705
  -0.07678611]
 [-0.07668161 -0.06914354 -0.06974371 ... -0.02034507 -0.01765899
  -0.02781793]
 [-0.00157783 -0.00393327 -0.00102631 ... -0.06497366 -0.05923727
  -0.06255937]
 [ 0.0551815   0.05451658  0.04827703 ...  0.02151076  0.01681729
   0.02138488]
 [-0.00651647 -0.00679004 -0.00966812 ...  0.03557446  0.03556179
   0.03789422]]"	neutral
"[[-9.3663116e+02 -9.3663116e+02 -9.3663116e+02 ... -8.9289484e+02
  -8.8955084e+02 -8.9462054e+02]
 [ 0.0000000e+00  0.0000000e+00  0.0000000e+00 ...  4.0532757e+01
   4.2544724e+01  4.0670547e+01]
 [ 0.0000000e+00  0.0000000e+00  0.0000000e+00 ...  1.5515274e+01
   1.5803179e+01  1.4234460e+01]
 ...
 [ 0.0000000e+00  0.0000000e+00  0.0000000e+00 ...  3.8200812e+00
  -5.9977114e-01  2.1566682e+00]
 [ 0.0000000e+00  0.0000000e+00  0.0000000e+00 ... -6.0062224e-01
   2.5714738e+00  3.4984000e+00]
 [ 0.0000000e+00  0.0000000e+00  0.0000000e+00 ... -2.6349750e+00
   3.1083121e+00  1.1064713e+00]]"	"[[14.76636767 14.76636767 14.76636767 ...  6.36837692 14.45877496
   7.47993906]
 [14.76636767 14.76636767 14.76636767 ...  6.79454786  9.7182146
  10.87791479]
 [14.76636767 14.76636767 14.76636767 ... 10.51775945 17.03526967
   8.25055586]
 ...
 [14.76636767 14.76636767 14.76636767 ... 10.19078821 12.1254914
  10.71629825]
 [14.76636767 14.76636767 14.76636767 ... 12.16781564 14.58665567
  11.26286948]
 [14.76636767 14.76636767 14.76636767 ... 37.83732621 24.12494127
  18.95061242]]"	"[[-0.0042516  -0.00044294  0.00440685 ... -0.00723638 -0.00314175
  -0.00710401]
 [ 0.01595695  0.01496574  0.01589331 ...  0.02762922  0.03796982
   0.02465144]
 [-0.0595818  -0.05434815 -0.04824785 ...  0.05301236  0.04426873
   0.055637  ]
 [ 0.05079147  0.05649204  0.06011645 ... -0.00239605 -0.00393864
  -0.01590624]
 [ 0.0224262   0.02379061  0.02483902 ... -0.02417546 -0.01919596
  -0.02970822]
 [ 0.01623195  0.0171016   0.01831319 ...  0.02743863  0.02415231
   0.01898001]]"	neutral
"[[-8.6242780e+02 -8.6242780e+02 -8.6242780e+02 ... -8.4251947e+02
  -8.5065704e+02 -8.5950745e+02]
 [ 0.0000000e+00  0.0000000e+00  0.0000000e+00 ...  2.5969868e+01
   1.5731327e+01  3.9856730e+00]
 [ 0.0000000e+00  0.0000000e+00  0.0000000e+00 ...  2.1074257e+01
   1.3386015e+01  3.5708504e+00]
 ...
 [ 0.0000000e+00  0.0000000e+00  0.0000000e+00 ...  5.9509182e-01
   6.3281906e-01 -1.1858273e+00]
 [ 0.0000000e+00  0.0000000e+00  0.0000000e+00 ... -2.3102629e-01
   5.9881139e-01 -1.1053057e+00]
 [ 0.0000000e+00  0.0000000e+00  0.0000000e+00 ... -4.9358904e-03
   7.5068104e-01 -8.4449160e-01]]"	"[[ 2.05237666  1.9256935   3.34041409 ...  7.43036847  5.1884308
   6.84765918]
 [ 3.78959202  5.91669563 19.16328676 ...  9.25546643  5.20404167
   5.94397627]
 [ 3.50213722  2.85020842  7.21059803 ...  9.54022601 11.25939922
  13.43210275]
 ...
 [11.33826135 10.01318661 11.73908272 ... 12.00158801 13.46730605
  14.65510598]
 [14.4602091  13.13318369 12.38698455 ... 12.54966175 12.75407402
  12.11859975]
 [14.53565799 15.36392194 34.94545129 ... 36.68816483 28.665613
  22.52359906]]"	"[[-2.45542396e-02 -1.17757622e-02 -3.10980204e-02 ... -3.33275627e-02
  -2.24176066e-02 -3.65678869e-02]
 [ 2.22438219e-02 -4.02955024e-03  2.92099061e-03 ...  2.20641927e-02
   1.52009696e-02 -8.76289428e-04]
 [ 3.28645110e-02  2.32671909e-02  2.34765895e-02 ...  4.92132194e-02
   5.99143878e-02  7.45474622e-02]
 [-2.48876438e-02 -3.71311679e-02 -2.98388898e-02 ... -3.95726487e-02
  -3.84333357e-02 -5.70464209e-02]
 [-1.13284325e-03 -9.39874786e-04  2.49852752e-05 ...  6.46314982e-03
   5.00031350e-03  2.35070644e-03]
 [ 1.42635126e-02  2.45442279e-02  3.16262124e-02 ...  5.17159970e-02
   4.46783565e-02  3.87906954e-02]]"	sad
"[[-8.6459601e+02 -8.6459601e+02 -8.6459601e+02 ... -8.5360150e+02
  -8.4883557e+02 -8.5492194e+02]
 [ 0.0000000e+00  0.0000000e+00  0.0000000e+00 ...  1.4481892e+01
   2.0706684e+01  1.2360434e+01]
 [ 0.0000000e+00  0.0000000e+00  0.0000000e+00 ...  1.1892013e+01
   1.6791283e+01  9.1170473e+00]
 ...
 [ 0.0000000e+00  0.0000000e+00  0.0000000e+00 ... -1.7389969e+00
  -1.6804767e+00  1.4103098e+00]
 [ 0.0000000e+00  0.0000000e+00  0.0000000e+00 ... -2.4864182e+00
  -3.2989576e+00 -9.5504895e-02]
 [ 0.0000000e+00  0.0000000e+00  0.0000000e+00 ... -2.1497715e+00
  -3.3126047e+00 -9.8181731e-01]]"	"[[16.75238163 16.75238163 16.75238163 ...  7.09386837  6.47776617
   9.63190484]
 [16.75238163 16.75238163 16.75238163 ...  5.42641861  5.42960809
   5.96600568]
 [16.75238163 16.75238163 16.75238163 ... 12.41051232 16.04562817
  11.85546814]
 ...
 [16.75238163 16.75238163 16.75238163 ... 16.06597435 10.18274373
  11.86226494]
 [16.75238163 16.75238163 16.75238163 ... 13.04416468 13.5342154
  11.25546749]
 [16.75238163 16.75238163 16.75238163 ... 39.82509042 31.38570061
  27.31790772]]"	"[[ 0.05319933  0.04223325  0.02703847 ... -0.01921977 -0.02011007
  -0.03658119]
 [ 0.20049772  0.10701678  0.0613776  ... -0.04993673 -0.04836621
  -0.04957895]
 [ 0.03408401  0.1068529   0.13535451 ...  0.00375095  0.00955461
   0.02716706]
 [-0.01012639 -0.07190979 -0.0409773  ... -0.11212298 -0.12083858
  -0.13504948]
 [ 0.02911218  0.02992962  0.02535773 ...  0.01314548  0.02020866
   0.01981644]
 [-0.00163175 -0.02374533 -0.01208073 ...  0.01598686  0.01594998
   0.01754786]]"	sad
"[[-8.7999860e+02 -8.7954895e+02 -8.7780841e+02 ... -7.9876758e+02
  -7.7535596e+02 -8.0249658e+02]
 [ 0.0000000e+00  6.3569331e-01  3.0945430e+00 ...  6.0606365e+01
   7.0826393e+01  6.3209133e+01]
 [ 0.0000000e+00  6.3511795e-01  3.0858409e+00 ... -5.8893251e+00
  -1.9036789e+01 -4.5208702e+00]
 ...
 [ 0.0000000e+00  6.1679077e-01  2.8177028e+00 ... -3.8258140e+00
  -4.2711635e+00  1.9072147e-01]
 [ 0.0000000e+00  6.1282492e-01  2.7616220e+00 ... -2.1871309e+00
  -2.5795884e+00 -1.0778499e+00]
 [ 0.0000000e+00  6.0850030e-01  2.7012296e+00 ...  9.9892998e+00
   8.2375946e+00  8.3088503e+00]]"	"[[ 3.71807175 11.57975369  9.05224091 ...  7.60875441 10.95753613
  10.37166285]
 [ 3.15431995  4.78651218  5.68058619 ... 11.4510921  10.21858522
   8.11129046]
 [ 4.41018041 11.24004112 12.63570462 ... 11.4905153  13.74713234
  11.88190067]
 ...
 [10.8709766  11.48215674 13.30423922 ...  9.89341862  9.04168182
  11.50840303]
 [ 9.68713333 11.68636017 11.4472663  ... 14.78883078 13.28206386
  12.26111951]
 [34.4439767  33.88457772 34.89098995 ... 40.34443266 22.77515171
  16.86348641]]"	"[[-0.03801929 -0.03420248 -0.03075081 ... -0.03907653 -0.03538412
  -0.03331104]
 [ 0.04180426  0.04095642  0.03488488 ... -0.0241017  -0.02169581
  -0.00717606]
 [ 0.07849285  0.07630973  0.07576724 ...  0.02393798  0.01255036
   0.01024479]
 [ 0.01298906  0.0099435   0.00794916 ... -0.09952202 -0.07572966
  -0.06525248]
 [ 0.00685335  0.00635912  0.00345739 ...  0.02547059  0.01807274
   0.02251629]
 [ 0.02545423  0.0224222   0.01566641 ... -0.01720522 -0.01579963
  -0.01789277]]"	sad
"[[-852.45526   -852.45526   -852.45526   ... -831.72314   -839.39703
  -845.69415  ]
 [   0.           0.           0.        ...   25.510963    16.704731
     8.81215  ]
 [   0.           0.           0.        ...   16.957886    12.258952
     6.8341317]
 ...
 [   0.           0.           0.        ...   -4.156484    -4.683582
    -4.6994495]
 [   0.           0.           0.        ...   -3.7412238   -6.387517
    -4.684759 ]
 [   0.           0.           0.        ...   -4.626893    -6.4699645
    -3.824383 ]]"	"[[ 5.11117442 11.82697367  5.15247189 ...  6.82355124  9.55633171
   4.86708281]
 [ 6.57569564  4.55926323  5.22162745 ...  6.98812349  5.78499289
  10.88940505]
 [12.1760842   7.19205795 13.34658415 ... 11.32616925  9.90545261
   7.45848256]
 ...
 [11.11171029 14.68110743 11.36184792 ... 11.41927011 15.26388447
  13.09947962]
 [10.85607232 11.507078   12.89420755 ... 11.48177713 11.72330832
  13.53516462]
 [35.9216634  34.04049018 33.76470329 ... 36.49504194 21.66247601
  16.62404331]]"	"[[-1.10206175e-02 -1.03715104e-02  8.98057243e-05 ...  2.27422235e-02
   4.60143966e-03 -7.77449605e-03]
 [ 3.41423677e-02  4.50889624e-02  7.30693978e-02 ... -1.26623954e-02
  -2.29191088e-02 -2.38434901e-02]
 [-1.12114698e-02  5.40537387e-03  2.07206905e-02 ... -3.50712985e-02
  -4.97144833e-02 -4.50157374e-02]
 [ 1.88623816e-02  2.45244652e-02  2.78060623e-02 ...  4.94055450e-04
   4.56638634e-04  7.04428926e-03]
 [ 2.67794112e-02  2.00820573e-02  2.64764569e-02 ...  2.02069853e-02
   1.95478315e-02  1.78275802e-02]
 [ 6.25425950e-04 -1.29732862e-03 -1.08128441e-02 ...  1.39635969e-02
   2.06233785e-02  1.67219052e-02]]"	sad
"[[-9.9510345e+02 -9.6768500e+02 -9.2274829e+02 ... -9.1941620e+02
  -9.1471399e+02 -9.1300897e+02]
 [ 1.6972462e+01  9.5432377e+00  1.1217274e+01 ...  1.9458836e+01
   1.8862236e+01  4.4695984e+01]
 [ 2.2363129e+01  1.3652210e+01  1.1037989e+01 ...  1.3218809e+01
   1.6464285e+01  3.6187450e+01]
 ...
 [ 7.1274242e+00  9.4696808e+00  8.9654446e+00 ...  9.3338718e+00
   6.8692541e+00  1.0207176e+01]
 [ 4.3309350e+00 -1.4920557e-01  3.5815189e+00 ...  6.6002378e+00
   6.4937210e+00  5.6305571e+00]
 [ 5.3082132e+00  1.7086304e+00  4.3261328e+00 ...  4.3864255e+00
   5.2286010e+00  8.5447007e-01]]"	"[[ 5.03891656 19.28147896 14.81363874 ... 11.73747298 16.60366631
   9.72249969]
 [ 2.76958006  3.56678874  6.41057995 ...  9.40693388  8.56499392
   1.63425209]
 [ 8.73597453 13.66504869  6.56020211 ... 14.92829874 10.54619744
   5.55694352]
 ...
 [12.75885913  9.28300547 13.25094241 ... 10.19070334 10.63623105
  14.44665997]
 [14.62657091 11.85487001 14.56338821 ... 14.05693261 12.88921366
  13.45417783]
 [12.89404438 17.75817511 36.96561749 ... 38.15266625 29.29079417
  23.46848862]]"	"[[ 0.03041967  0.03364485  0.02416556 ...  0.03970694  0.04342862
   0.04252374]
 [ 0.01089319  0.00677765  0.00977801 ...  0.0104177   0.01396019
   0.00641115]
 [ 0.1019997   0.09818571  0.10129651 ... -0.05816499 -0.06601543
  -0.07027706]
 [ 0.04759581  0.04867424  0.0564792  ... -0.00101515  0.00321781
   0.00387435]
 [ 0.01975808  0.01848354  0.01356064 ... -0.00389459 -0.00428912
  -0.0012065 ]
 [-0.01147654 -0.00992123 -0.00414406 ... -0.0059347  -0.00474954
  -0.00366428]]"	sad
"[[-797.3735 -797.3735 -797.3735 ... -797.3735 -797.3735 -797.3735]
 [   0.        0.        0.     ...    0.        0.        0.    ]
 [   0.        0.        0.     ...    0.        0.        0.    ]
 ...
 [   0.        0.        0.     ...    0.        0.        0.    ]
 [   0.        0.        0.     ...    0.        0.        0.    ]
 [   0.        0.        0.     ...    0.        0.        0.    ]]"	"[[15.92171876 12.98630696  5.78901357 ...  2.35172626  2.54290668
  13.28623594]
 [10.76085637  4.8376103   8.05868293 ...  4.21990047  3.94863419
  10.45625379]
 [ 7.35258327  6.69550949  7.07969512 ...  7.78091138  3.92358689
  11.11347935]
 ...
 [ 7.71126658  9.62913076 12.32127839 ... 12.49554269  8.09561569
  14.65847223]
 [ 8.59117809 12.66388809 10.81293264 ...  9.91124594 10.62422925
  12.90153509]
 [35.98037348 37.71898502 35.74368999 ... 35.77157013 36.35575361
  37.25448589]]"	"[[-0.02902501  0.00837247  0.01020475 ...  0.01623311  0.02021788
   0.02439204]
 [-0.00263261 -0.00128736  0.01019385 ...  0.03796482  0.03367417
   0.0251999 ]
 [ 0.014421   -0.00385353 -0.00249179 ...  0.02183839  0.01299446
   0.01555138]
 [-0.02445772  0.00150707 -0.01857694 ...  0.02055048  0.01798463
   0.01892026]
 [ 0.01729158 -0.00178829  0.01224801 ...  0.03479881  0.02545669
   0.02792851]
 [ 0.00824007  0.01591093  0.01783735 ...  0.00603303  0.00744606
   0.00333249]]"	suprised
"[[-754.60785   -754.60785   -754.60785   ... -748.91144   -752.61786
  -754.60785  ]
 [   0.           0.           0.        ...    8.028818     2.807465
     0.       ]
 [   0.           0.           0.        ...    7.9480495    2.7872794
     0.       ]
 ...
 [   0.           0.           0.        ...    5.6622076    2.1914613
     0.       ]
 [   0.           0.           0.        ...    5.2337694    2.0735598
     0.       ]
 [   0.           0.           0.        ...    4.7914457    1.9492953
     0.       ]]"	"[[15.03090249 15.03090249 15.03090249 ...  5.21069016 15.9021459
   4.34792868]
 [15.03090249 15.03090249 15.03090249 ...  7.94584024  6.38500109
   2.96323388]
 [15.03090249 15.03090249 15.03090249 ... 13.12907073 14.22084384
   8.79026287]
 ...
 [15.03090249 15.03090249 15.03090249 ...  9.15353551 12.18855813
   8.10796457]
 [15.03090249 15.03090249 15.03090249 ... 11.12044378 11.2945382
  13.88090148]
 [15.03090249 15.03090249 15.03090249 ... 36.71510574 36.13902756
  33.19796607]]"	"[[ 0.06978496  0.11871488  0.0959981  ...  0.04737107  0.05105335
   0.04967023]
 [ 0.1174771   0.12071132  0.11399937 ... -0.02614024 -0.0369378
  -0.04440194]
 [ 0.04117626 -0.00134704 -0.03358217 ... -0.007578    0.00240438
   0.01229555]
 [-0.02747555  0.00270587  0.05865101 ... -0.03917718 -0.03669672
  -0.01862196]
 [ 0.05511823  0.06390343  0.05404258 ...  0.03463678  0.03860315
   0.04128292]
 [ 0.05310815  0.0835938   0.09631286 ...  0.00589867  0.00952642
   0.010295  ]]"	suprised
"[[-7.72978882e+02 -7.72838379e+02 -7.72747009e+02 ... -7.01858948e+02
  -7.02739441e+02 -7.03899780e+02]
 [ 1.19272791e-01  3.17978770e-01  4.47172821e-01 ...  6.12761078e+01
   6.20378456e+01  6.42131195e+01]
 [ 1.19245842e-01  3.17906916e-01  4.47071820e-01 ... -1.65490794e+00
   3.09430182e-01  3.72322321e+00]
 ...
 [ 1.18384719e-01  3.15611184e-01  4.43843305e-01 ... -6.72187996e+00
   2.06511235e+00  5.93695116e+00]
 [ 1.18196622e-01  3.15109730e-01  4.43138123e-01 ...  3.40759277e+00
   8.01764393e+00  6.31719112e+00]
 [ 1.17990725e-01  3.14562678e-01  4.42368060e-01 ...  3.14471483e+00
   4.96396112e+00  2.66668558e+00]]"	"[[ 6.27890742 11.27040429 13.57339622 ... 11.26307313  9.70164792
   5.52507691]
 [ 6.21650083  5.80946933  7.0991746  ... 11.27947281  3.98907397
   6.97799057]
 [ 9.13658378 12.13048623  8.93335502 ...  7.74584098 14.57377946
   6.86442572]
 ...
 [13.41556212 12.21345753 11.40260116 ... 14.59349102 15.41048005
  14.26370652]
 [13.32151075 14.6595099  12.24911464 ... 21.81121578 15.53068287
  17.76403475]
 [14.59913856 18.71260597 36.44181228 ... 42.20720949 21.33763608
  16.31628314]]"	"[[ 0.01003928  0.01185419  0.0120638  ...  0.0002137  -0.01437417
   0.01506972]
 [ 0.00246459  0.00716454  0.00085474 ... -0.03935716 -0.02919899
  -0.03888378]
 [-0.07952974 -0.07805659 -0.07657205 ... -0.02614956  0.00127687
  -0.0295211 ]
 [ 0.00661974  0.01656576  0.02433634 ... -0.03133681 -0.03737061
  -0.02597449]
 [-0.00187838 -0.00709642 -0.00698423 ... -0.00754386 -0.01141053
  -0.01231901]
 [ 0.00110786  0.00387731  0.00598436 ...  0.01500573 -0.00338871
  -0.00593303]]"	suprised
"[[-7.6266266e+02 -7.6266266e+02 -7.6266266e+02 ... -7.6266266e+02
  -7.6261774e+02 -7.6266266e+02]
 [ 0.0000000e+00  0.0000000e+00  0.0000000e+00 ...  0.0000000e+00
   6.2615894e-02  0.0000000e+00]
 [ 0.0000000e+00  0.0000000e+00  0.0000000e+00 ...  0.0000000e+00
   6.0222086e-02  0.0000000e+00]
 ...
 [ 0.0000000e+00  0.0000000e+00  0.0000000e+00 ...  0.0000000e+00
  -1.5562531e-03  0.0000000e+00]
 [ 0.0000000e+00  0.0000000e+00  0.0000000e+00 ...  0.0000000e+00
  -1.1608617e-02  0.0000000e+00]
 [ 0.0000000e+00  0.0000000e+00  0.0000000e+00 ...  0.0000000e+00
  -2.1366343e-02  0.0000000e+00]]"	"[[14.92136193 14.92136193 14.92136193 ...  7.17003209 14.32957625
  10.75198   ]
 [14.92136193 14.92136193 14.92136193 ...  5.57352328  5.03212048
   6.51520184]
 [14.92136193 14.92136193 14.92136193 ...  9.0138001   5.72544724
  10.76111139]
 ...
 [14.92136193 14.92136193 14.92136193 ...  9.06838746 12.94750395
  10.35269008]
 [14.92136193 14.92136193 14.92136193 ... 13.83054006  9.49020979
  12.10829293]
 [14.92136193 14.92136193 14.92136193 ... 38.71487126 21.80544236
  18.7152244 ]]"	"[[ 0.00044226 -0.01003099 -0.01092573 ...  0.02063165  0.0161705
   0.00179989]
 [ 0.01960279  0.03590669  0.04519976 ... -0.00388456 -0.00918744
  -0.0117542 ]
 [-0.0628049  -0.0601568  -0.05757727 ... -0.06162207 -0.01241419
  -0.00582401]
 [ 0.03584352  0.02200725  0.01527962 ... -0.00151564  0.02559629
   0.03448316]
 [ 0.04726294  0.05168611  0.04998814 ... -0.00733649 -0.00999246
  -0.01392565]
 [ 0.00233237 -0.0050475  -0.0077798  ...  0.00291181  0.01171281
   0.00944952]]"	suprised
"[[-810.13727   -806.6434    -805.66406   ... -794.37396   -792.8794
  -796.1349   ]
 [   0.           4.938315     6.3222704 ...   21.30994     23.310383
    19.06153  ]
 [   0.           4.929964     6.3111115 ...   18.720585    20.404345
    17.014994 ]
 ...
 [   0.           4.6681175    5.9632487 ...    9.7684355    9.681438
     6.503057 ]
 [   0.           4.612212     5.889504  ...    7.9034543    8.473648
     6.518283 ]
 [   0.           4.5515394    5.809681  ...    5.790559     7.1171484
     6.000269 ]]"	"[[ 9.78659863 17.02759929 19.35195818 ... 16.0402237  14.4494475
  18.03776753]
 [ 3.10727032  3.80362026  5.0662102  ...  8.81749057 11.71339246
   8.39940084]
 [ 2.16379246  7.15058859 15.55327033 ... 12.678723    6.10254444
   9.37677581]
 ...
 [10.68873235 11.79019258 12.48716696 ... 13.36644579 12.9669135
   9.14162553]
 [11.76107977 14.94623411 11.65584126 ... 13.62786256 17.46593661
  12.77813722]
 [32.57973786 34.21516973 35.85548576 ... 36.67820119 18.45017581
  13.92220633]]"	"[[-8.91546174e-02 -8.13407794e-02 -8.63494156e-02 ... -3.92873768e-02
  -3.43841380e-02 -3.74231788e-02]
 [-6.48575368e-02 -6.42197234e-02 -6.29551681e-02 ...  5.14847135e-03
  -8.95046708e-05 -3.24622249e-03]
 [-4.01470419e-02 -3.28671020e-02 -2.68037952e-02 ... -1.64341480e-02
  -1.56275928e-04  5.77402860e-03]
 [ 4.47483696e-02  4.01647277e-02  3.76859158e-02 ... -4.35567051e-02
  -4.43165526e-02 -3.99600491e-02]
 [ 1.62783367e-04 -1.95886800e-03 -2.88108178e-03 ... -1.00964289e-02
  -2.07677659e-03  2.69062814e-03]
 [ 6.05696696e-02  5.36821247e-02  5.40602626e-02 ...  5.09870239e-03
   8.99044238e-03  7.09576905e-03]]"	suprised
